{
	"info": {
		"_postman_id": "9d7f68a1-adf0-40d3-b627-207c85b909b7",
		"name": "09_Dados da Conta",
		"schema": "https://schema.getpostman.com/json/collection/v2.1.0/collection.json"
	},
	"item": [
		{
			"name": "Consultar Dados do Pedido da Conta de Pagamento",
			"request": {
				"method": "GET",
				"header": [],
				"url": {
					"raw": "{{sandbox-url}}/api/v1/applications/{{client_id}}/signups/{{sign_up_request_id}}",
					"host": [
						"{{sandbox-url}}"
					],
					"path": [
						"api",
						"v1",
						"applications",
						"{{client_id}}",
						"signups",
						"{{sign_up_request_id}}"
					]
				}
			},
			"response": []
		},
		{
			"name": "Consultar Dados da Conta",
			"request": {
				"method": "GET",
				"header": [],
				"url": {
					"raw": "{{sandbox-url}}/api/v1/accounts/{{account_id}}",
					"host": [
						"{{sandbox-url}}"
					],
					"path": [
						"api",
						"v1",
						"accounts",
						"{{account_id}}"
					]
				}
			},
			"response": []
		},
		{
			"name": "Consultar Saldo",
			"request": {
				"auth": {
					"type": "bearer",
					"bearer": [
						{
							"key": "token",
							"value": "{{access_token}}",
							"type": "string"
						}
					]
				},
				"method": "GET",
				"header": [],
				"url": {
					"raw": "{{sandbox-url}}/api/v1/accounts/{{account_id}}/balance",
					"host": [
						"{{sandbox-url}}"
					],
					"path": [
						"api",
						"v1",
						"accounts",
						"{{account_id}}",
						"balance"
					]
				}
			},
			"response": []
		},
		{
			"name": "Consultar extrato",
			"request": {
				"auth": {
					"type": "bearer",
					"bearer": [
						{
							"key": "token",
							"value": "{{access_token}}",
							"type": "string"
						}
					]
				},
				"method": "GET",
				"header": [],
				"url": {
					"raw": "{{sandbox-url}}/api/v1/accounts/{{account_id}}/statement",
					"host": [
						"{{sandbox-url}}"
					],
					"path": [
						"api",
						"v1",
						"accounts",
						"{{account_id}}",
						"statement"
					],
					"query": [
						{
							"key": "limit",
							"value": null,
							"disabled": true
						},
						{
							"key": "before",
							"value": null,
							"disabled": true
						},
						{
							"key": "after",
							"value": null,
							"disabled": true
						},
						{
							"key": "type",
							"value": null,
							"disabled": true
						},
						{
							"key": "start_datetime",
							"value": null,
							"disabled": true
						},
						{
							"key": "end_datetime",
							"value": null,
							"disabled": true
						}
					]
				}
			},
			"response": []
		},
		{
			"name": "Consultar uma Entrada no Extrato",
			"request": {
				"auth": {
					"type": "bearer",
					"bearer": [
						{
							"key": "token",
							"value": "{{access_token}}",
							"type": "string"
						}
					]
				},
				"method": "GET",
				"header": [],
				"url": {
					"raw": "{{sandbox-url}}/api/v1/accounts/{{account_id}}/statement/entries/{{entry_id}}",
					"host": [
						"{{sandbox-url}}"
					],
					"path": [
						"api",
						"v1",
						"accounts",
						"{{account_id}}",
						"statement",
						"entries",
						"{{entry_id}}"
					]
				}
			},
			"response": []
		},
		{
			"name": "Consultar uma Taxa",
			"request": {
				"auth": {
					"type": "bearer",
					"bearer": [
						{
							"key": "token",
							"value": "{{access_token}}",
							"type": "string"
						}
					]
				},
				"method": "GET",
				"header": [],
				"url": {
					"raw": "{{sandbox-url}}/api/v1/accounts/{{account_id}}/fees/{{fee_type}}",
					"host": [
						"{{sandbox-url}}"
					],
					"path": [
						"api",
						"v1",
						"accounts",
						"{{account_id}}",
						"fees",
						"{{fee_type}}"
					]
				}
			},
			"response": []
		},
		{
			"name": "Consultar todas as Taxas de uma conta",
			"request": {
				"method": "GET",
				"header": [],
				"url": {
					"raw": "{{sandbox-url}}/api/v1/accounts/{{account_id}}/fees",
					"host": [
						"{{sandbox-url}}"
					],
					"path": [
						"api",
						"v1",
						"accounts",
						"{{account_id}}",
						"fees"
					]
				}
			},
			"response": []
		}
	],
	"auth": {
		"type": "bearer",
		"bearer": [
			{
				"key": "token",
				"value": "{{access_token}}",
				"type": "string"
			}
		]
	},
	"event": [
		{
			"listen": "prerequest",
			"script": {
				"type": "text/javascript",
				"exec": [
					""
				]
			}
		},
		{
			"listen": "test",
			"script": {
				"type": "text/javascript",
				"exec": [
					""
				]
			}
		}
	],
	"variable": [
		{
			"key": "sandbox-url",
			"value": "https://sandbox-api.openbank.stone.com.br"
		}
	]
}